{"cameraMode":{"drawMode":0,"name":"Shaded","section":"Shading Mode"},"sceneLighting":false,"audioPlay":false,"sceneViewState":{"m_AlwaysRefresh":false,"showFog":true,"showSkybox":false,"showFlares":true,"showImageEffects":true,"showParticleSystems":true,"showVisualEffectGraphs":true,"m_FxEnabled":true},"in2DMode":false,"pivot":{"x":1132.1656494140625,"y":725.4024658203125,"z":277.1455383300781},"rotation":{"x":0.009893949143588543,"y":0.03359098359942436,"z":-0.00037025290657766163,"w":0.9994227290153503},"size":1089.903076171875,"orthographic":false}